Informe de palabras clave de búsqueda,,,,,,,,,,,,,,,,
1 de octubre de 2026 - 4 de octubre de 2026,,,,,,,,,,,,,,,,
Estado de palabras clave,Palabra clave,Tipo de concordancia,Campaña,Grupo de anuncios,Estado,Motivos del estado,URL final,Clics,Impr.,CTR,Código de moneda,Prom. CPC,Costo,Porcentaje de conv.,Conversiones,Costo/conv.
Habilitado,guantes de seguridad industrial,Concordancia amplia,Landing Page 001,Palabras Clave Generales,Limitada,baja calidad,,2,45,4.44%,PEN,0.80,1.60,100.00%,2.00,0.80
Habilitado,zapatos de seguridad caterpillar,Concordancia amplia,Landing Page 001,Palabras Clave Generales,Limitada,baja calidad,,1,16,6.25%,PEN,0.83,0.83,100.00%,1.00,0.83
Habilitado,epp lima,Concordancia amplia,Landing Page 001,Palabras Clave Generales,Apta,,,0,0,--,PEN,0,0.00,0.00%,0.00,0.00
Habilitado,proveedor de epp,Concordancia amplia,Landing Page 001,Palabras Clave Generales,Apta,,,0,2,0.00%,PEN,0,0.00,0.00%,0.00,0.00
Habilitado,botines de seguridad caterpillar,Concordancia amplia,Landing Page 001,Palabras Clave Generales,Apta,,,0,0,--,PEN,0,0.00,0.00%,0.00,0.00
Habilitado,epp por mayor,Concordancia amplia,Landing Page 001,Palabras Clave Generales,Apta,,,0,0,--,PEN,0,0.00,0.00%,0.00,0.00
Habilitado,articulos de seguridad industrial,Concordancia amplia,Landing Page 001,Palabras Clave Generales,Apta,,,0,11,0.00%,PEN,0,0.00,0.00%,0.00,0.00
Habilitado,casco de seguridad industrial,Concordancia amplia,Landing Page 001,Palabras Clave Generales,Apta,,,8,78,10.26%,PEN,0.90,7.19,25.00%,2.00,3.59
Habilitado,venta de epp,Concordancia amplia,Landing Page 001,Palabras Clave Generales,Apta,,,0,1,0.00%,PEN,0,0.00,0.00%,0.00,0.00
Habilitado,seguridad industrial lima,Concordancia amplia,Landing Page 001,Palabras Clave Generales,Apta,,,0,0,--,PEN,0,0.00,0.00%,0.00,0.00
Habilitado,zapatos punta de acero,Concordancia amplia,Landing Page 001,Palabras Clave Generales,Apta,,,0,9,0.00%,PEN,0,0.00,0.00%,0.00,0.00
Habilitado,zapatos de seguridad bata,Concordancia amplia,Landing Page 001,Palabras Clave Generales,Apta,,,2,48,4.17%,PEN,1.00,2.00,50.00%,1.00,2.00
Habilitado,epp para empresas,Concordancia amplia,Landing Page 001,Palabras Clave Generales,Apta,,,0,0,--,PEN,0,0.00,0.00%,0.00,0.00
Habilitado,proteccion auditiva industrial,Concordancia amplia,Landing Page 001,Palabras Clave Generales,Apta,,,0,0,--,PEN,0,0.00,0.00%,0.00,0.00
Habilitado,proteccion anticaidas,Concordancia amplia,Landing Page 001,Palabras Clave Generales,Apta,,,0,0,--,PEN,0,0.00,0.00%,0.00,0.00
Habilitado,proteccion facial y visual,Concordancia amplia,Landing Page 001,Palabras Clave Generales,Apta,,,0,0,--,PEN,0,0.00,0.00%,0.00,0.00
Habilitado,calzado de seguridad industrial,Concordancia amplia,Landing Page 001,Palabras Clave Generales,Limitada,baja calidad,,0,0,--,PEN,0,0.00,0.00%,0.00,0.00
Habilitado,zapatos de seguridad,Concordancia amplia,Landing Page 001,Palabras Clave Generales,Apta,,,73,"1,004",7.27%,PEN,01.08,78.88,60.96%,44.50,1.77
Habilitado,proveedor seguridad industrial peru,Concordancia amplia,Landing Page 001,Palabras Clave Generales,No apta,publicación limitada,,0,0,--,PEN,0,0.00,0.00%,0.00,0.00
Habilitado,proteccion respiratoria epp,Concordancia amplia,Landing Page 001,Palabras Clave Generales,Apta,,,0,0,--,PEN,0,0.00,0.00%,0.00,0.00
Habilitado,lista de precios epp,Concordancia amplia,Landing Page 001,Palabras Clave Generales,No apta,publicación limitada,,0,0,--,PEN,0,0.00,0.00%,0.00,0.00
Habilitado,arnes de seguridad,Concordancia amplia,Landing Page 001,Palabras Clave Generales,Apta,,,8,79,10.13%,PEN,0.85,6.78,25.00%,2.00,3.39
Habilitado,equipos de proteccion personal,Concordancia amplia,Landing Page 001,Palabras Clave Generales,Apta,,,11,167,6.59%,PEN,01.01,11.08,36.36%,4.00,2.77
Habilitado,distribuidor epp peru,Concordancia amplia,Landing Page 001,Palabras Clave Generales,Apta,,,0,0,--,PEN,0,0.00,0.00%,0.00,0.00
Habilitado,cotizacion epp,Concordancia amplia,Landing Page 001,Palabras Clave Generales,Apta,,,0,0,--,PEN,0,0.00,0.00%,0.00,0.00
"Total: Todas las palabras clave, excepto las quitadas",,--,--,--,--,,,105,"1,46",7.19%,PEN,01.03,108.35,53.81%,56.50,1.92
Total: Palabras clave de tu cuenta,,,,,,,,105,"1,46",7.19%,PEN,01.03,108.35,53.81%,56.50,1.92
Total: Sus palabras clave,,,,,,,,105,"1,46",7.19%,PEN,01.03,108.35,53.81%,56.50,1.92
Total: Coincidencias expandidas de IA Max,,,,,,,,0,0,--,PEN,0,0.00,0.00%,0.00,0.00
Total: Coincidencias de páginas de destino de IA Max,,,,,,,,0,0,--,PEN,0,0.00,0.00%,0.00,0.00
Total: Inclusiones de URLs de tu cuenta,,,,,,,,0,0,--,PEN,0,0.00,0.00%,0.00,0.00
Total: Cuenta,,,,,,,,105,"1,46",7.19%,PEN,01.03,108.35,53.81%,56.50,1.92
Total: Búsqueda,,,,,,,,105,"1,46",7.19%,PEN,01.03,108.35,53.81%,56.50,1.92