Informe de palabras clave de búsqueda,,,,,,,,,,,,,,,
7 de septiembre de 2026 - 30 de septiembre de 2026,,,,,,,,,,,,,,,
Estado de palabras clave,Palabra clave,Tipo de concordancia,Grupo de anuncios,Estado,Motivos del estado,Conversiones,Código de moneda,Costo/conv.,URL final,Clics,Impr.,CTR,Prom. CPC,Costo,Porcentaje de conv.
Habilitado,"""pavos para empresas""",Concordancia de frase,AG2 | Vales de Pavo,Apta,,0.00,PEN,0.00,,6,16,37.50%,0.83,5.00,0.00%
Detenido,"""vales de pavo navideños""",Concordancia de frase,AG2 | Vales de Pavo,Detenida,detenido; publicación limitada,0.00,PEN,0.00,,0,0,--,0,0.00,0.00%
Habilitado,venta de vales de pavo,Concordancia amplia,AG2 | Vales de Pavo,Pendiente,en proceso de revisión,0.00,PEN,0.00,,0,0,--,0,0.00,0.00%
Habilitado,pavos para empresas,Concordancia amplia,AG2 | Vales de Pavo,Pendiente,en proceso de revisión,0.00,PEN,0.00,,0,0,--,0,0.00,0.00%
Habilitado,"""vales de pavo para empresas""",Concordancia de frase,AG2 | Vales de Pavo,Apta,,0.00,PEN,0.00,,5,26,19.23%,0.79,3.93,0.00%
Habilitado,"""canastas navideñas para empresas""",Concordancia de frase,AG1 | Canastas Navideñas Empresariales,Apta,,0.00,PEN,0.00,,3,30,10.00%,0.86,2.58,0.00%
Habilitado,"""venta de canastas navideñas""",Concordancia de frase,AG1 | Canastas Navideñas Empresariales,Apta,,106.00,PEN,2.63,,322,"2,373",13.57%,0.87,278.68,32.92%
Habilitado,vales de pavo,Concordancia amplia,AG2 | Vales de Pavo,Pendiente,en proceso de revisión,0.00,PEN,0.00,,0,0,--,0,0.00,0.00%
Habilitado,"""proveedores de canastas navideñas""",Concordancia de frase,AG1 | Canastas Navideñas Empresariales,Apta,,08.03,PEN,3.30,,26,222,11.71%,01.02,26.52,30.88%
Detenido,"""vales de pavo para empleados""",Concordancia de frase,AG2 | Vales de Pavo,Detenida,detenido; publicación limitada,0.00,PEN,0.00,,0,0,--,0,0.00,0.00%
Detenido,"""vales de consumo navideños""",Concordancia de frase,AG2 | Vales de Pavo,Detenida,detenido; publicación limitada,0.00,PEN,0.00,,0,0,--,0,0.00,0.00%
Habilitado,vale de pavo,Concordancia amplia,AG2 | Vales de Pavo,Pendiente,en proceso de revisión,0.00,PEN,0.00,,0,0,--,0,0.00,0.00%
Detenido,"""vales navideños para empresas""",Concordancia de frase,AG2 | Vales de Pavo,Detenida,detenido; publicación limitada,0.00,PEN,0.00,,0,0,--,0,0.00,0.00%
Habilitado,vales de pavo para empresas,Concordancia amplia,AG2 | Vales de Pavo,Pendiente,en proceso de revisión,0.00,PEN,0.00,,0,0,--,0,0.00,0.00%
Habilitado,"""vale de pavo""",Concordancia de frase,AG2 | Vales de Pavo,Apta,,4.00,PEN,05.01,,26,288,9.03%,0.77,20.05,15.38%
Detenido,"""canastas navideñas corporativas""",Concordancia de frase,AG1 | Canastas Navideñas Empresariales,Detenida,detenido,0.00,PEN,0.00,,0,8,0.00%,0,0.00,0.00%
Detenido,"""canastas navideñas lima""",Concordancia de frase,AG1 | Canastas Navideñas Empresariales,Detenida,detenido,0.00,PEN,0.00,,2,42,4.76%,1.61,3.22,0.00%
Habilitado,"""vales de pavo lima""",Concordancia de frase,AG2 | Vales de Pavo,Apta,,0.00,PEN,0.00,,2,4,50.00%,0.83,1.66,0.00%
Detenido,"""canastas navideñas empresariales""",Concordancia de frase,AG1 | Canastas Navideñas Empresariales,Detenida,detenido,0.00,PEN,0.00,,2,6,33.33%,1.65,3.31,0.00%
Habilitado,"""vales de pavo""",Concordancia de frase,AG2 | Vales de Pavo,Apta,,6.00,PEN,7.93,,26,128,20.31%,1.83,47.57,23.08%
Detenido,"""empresa de canastas navideñas""",Concordancia de frase,AG1 | Canastas Navideñas Empresariales,Detenida,detenido; publicación limitada,0.00,PEN,0.00,,0,0,--,0,0.00,0.00%
Detenido,"""canastas navideñas al por mayor""",Concordancia de frase,AG1 | Canastas Navideñas Empresariales,Detenida,detenido,0.00,PEN,0.00,,0,1,0.00%,0,0.00,0.00%
Habilitado,vales de pavo lima,Concordancia amplia,AG2 | Vales de Pavo,Pendiente,en proceso de revisión,0.00,PEN,0.00,,0,0,--,0,0.00,0.00%
Detenido,"""canastas navideñas familiares""",Concordancia de frase,AG1 | Canastas Navideñas Empresariales,Detenida,detenido; publicación limitada,0.00,PEN,0.00,,0,0,--,0,0.00,0.00%
Habilitado,"""venta de vales de pavo""",Concordancia de frase,AG2 | Vales de Pavo,Apta,,6.00,PEN,7.37,,45,237,18.99%,0.98,44.24,13.33%
Habilitado,proveedores de canastas navideñas,Concordancia amplia,AG1 | Canastas Navideñas Empresariales,Pendiente,en proceso de revisión,0.00,PEN,0.00,,0,0,--,0,0.00,0.00%
Habilitado,canastas navideñas para empresas,Concordancia amplia,AG1 | Canastas Navideñas Empresariales,Pendiente,en proceso de revisión,0.00,PEN,0.00,,0,0,--,0,0.00,0.00%
Habilitado,"""vales de pavo corporativos""",Concordancia de frase,AG2 | Vales de Pavo,No apta,publicación limitada,0.00,PEN,0.00,,0,0,--,0,0.00,0.00%
Habilitado,venta de canastas navideñas,Concordancia amplia,AG1 | Canastas Navideñas Empresariales,Pendiente,en proceso de revisión,0.00,PEN,0.00,,0,0,--,0,0.00,0.00%
"Total: Todas las palabras clave, excepto las quitadas",,--,--,--,,130.03,PEN,3.36,,465,"3,381",13.75%,0.94,436.75,27.96%
Total: Palabras clave de tu campaña,,,,,,135.03,PEN,3.42,,487,"3,593",13.55%,0.95,461.27,27.73%
Total: Sus palabras clave,,,,,,135.03,PEN,3.42,,487,"3,593",13.55%,0.95,461.27,27.73%
Total: Coincidencias expandidas de IA Max,,,,,,0.00,PEN,0.00,,0,0,--,0,0.00,0.00%
Total: Coincidencias de páginas de destino de IA Max,,,,,,0.00,PEN,0.00,,0,0,--,0,0.00,0.00%
Total: Inclusiones de URLs de tu campaña,,,,,,0.00,PEN,0.00,,0,0,--,0,0.00,0.00%
Total: Campaña,,,,,,135.03,PEN,3.42,,487,"3,593",13.55%,0.95,461.27,27.73%